{
    "mse": 13504.412018939602,
    "r2": -1.8290722398837636,
    "feature_importance": {
        "vote_average": -66.1193234460899,
        "vote_count": -0.6350289919446364,
        "runtime": -1.6573555721020048,
        "budget": 4.209030878610243e-06
    }
}