{
    "mse": 8140.35395936571,
    "r2": 0.10193109143108015,
    "feature_importance": {
        "vote_average": 17.732969873531594,
        "vote_count": 0.09096622434806474,
        "runtime": 0.4647746680899559,
        "budget": -5.107130496145862e-07
    }
}