{
    "mse": 11472.705790778255,
    "r2": 0.05594732284261916,
    "feature_importance": {
        "vote_average": 3.0488166464979254,
        "vote_count": -0.031215375594191536,
        "runtime": 0.06202448544162691,
        "budget": 2.4486244443525096e-07
    }
}