{
    "mse": 20112.970133667328,
    "r2": -1.19023556502732,
    "feature_importance": {
        "vote_average": 54.96939999437657,
        "vote_count": -0.0038984905776621483,
        "runtime": 2.277530619289919,
        "budget": 1.7174058139154957e-07
    }
}