{
    "mse": 11793.62680846958,
    "r2": 0.030908850674370103,
    "feature_importance": {
        "vote_average": 8.816714062530895,
        "vote_count": -0.028625889495724657,
        "runtime": 0.05869172195837651,
        "budget": 3.5753615407890793e-07
    }
}