{
    "mse": 9955.048216456982,
    "r2": -0.2545045056400561,
    "feature_importance": {
        "vote_average": 50.177459631380884,
        "vote_count": -0.4156085617286257,
        "runtime": 0.8936702679962281,
        "budget": 2.8019382813937455e-06
    }
}