{
    "mse": 28122.556598403924,
    "r2": 0.21856671805240047,
    "feature_importance": {
        "vote_average": 21.125744582740005,
        "vote_count": -0.06934577513204572,
        "runtime": -0.28005482279525823,
        "budget": 8.19265899898447e-07
    }
}