{
    "mse": 6406.369637355734,
    "r2": -0.05302190590910416,
    "feature_importance": {
        "budget": 0.18013739264456516,
        "runtime": 0.3092750919892484,
        "vote_count": 0.449603576480121,
        "revenue": 0.06098393888606538
    }
}