{
    "mse": 13005.375468913393,
    "r2": -0.19236931764700538,
    "feature_importance": {
        "vote_average": 10.913430766345911,
        "vote_count": -0.2369945877302372,
        "runtime": 0.22638549325850638,
        "budget": 1.723642617301735e-06
    }
}