{
    "mse": 33651.40003829386,
    "r2": -0.2205741306287865,
    "feature_importance": {
        "vote_average": 5.478622490630181,
        "vote_count": -0.03119731767049847,
        "runtime": 0.22395211934394293,
        "budget": 2.8995521391197987e-07
    }
}