{
    "mse": 12620.024762649255,
    "r2": 0.07826355472715729,
    "feature_importance": {
        "vote_average": 13.267910395506298,
        "vote_count": -0.03597101195910246,
        "runtime": 0.19349288351456984,
        "budget": 3.318961391135522e-07
    }
}