{
    "mse": 97055.41825045056,
    "r2": -10.793622255526218,
    "feature_importance": {
        "vote_average": -4.297613628779885,
        "vote_count": -0.22923831531125022,
        "runtime": -0.14184359051223294,
        "budget": 1.4690008501017093e-06
    }
}