{
    "mse": 18855.913256578024,
    "r2": -2.559924392003356,
    "feature_importance": {
        "vote_average": 115.31427353639167,
        "vote_count": -0.0679172035370091,
        "runtime": 1.2270202687557554,
        "budget": 4.862403290561979e-07
    }
}